sample_row_id,sample_id,start_date,start_time,station_code,counter,gear_condition,habitat,trap_sample_type,debris_tubs,cone,fish_properly,flow_cfs,weather_code,temperature,turbidity,velocity,river_depth,gear,diel,sampling_weight,location_in_river,volume
33469,335_22,12/1/2022,3:28,Gate 8,78426,n,run,intensive (Storm/Mort),4,1,Y,3595.00,RAN,,2.56,2.22,3.5,RSTR5,N4,0.236,WM,209105.07
33466,335_22,12/1/2022,3:56,Gate 5,63372,n,run,intensive (Storm/Mort),3.8,1,Y,3595.00,RAN,,2.44,2.48,2,RSTR5,N4,0.244,MC,260531.04
33468,335_22,12/1/2022,3:31,Gate 7,14846,n,run,intensive (Storm/Mort),2.9,1,Y,3595.00,RAN,,2.48,2.88,3.5,RSTR5,N4,0.246,MC,305244.98
33470,336_22,12/1/2022,14:25,Gate 5,64045,n,run,intensive (Storm/Mort),1,1,Y,3775.00,CLR,,1.65,2.66,2,RSTR5,D4,0.274,MC,176214.29
33471,336_22,12/1/2022,14:17,Gate 6,95717,n,run,intensive (Storm/Mort),3,1,Y,3775.00,CLR,,1.92,2.43,3.5,RSTR8,D4,0.254,MC,520167.30
33472,336_22,12/1/2022,14:19,Gate 7,15906,n,run,intensive (Storm/Mort),1,1,Y,3775.00,CLR,,2.34,2.91,3.3,RSTR5,D4,0.261,MC,214321.75
33473,336_22,12/1/2022,14:22,Gate 8,79448,n,run,intensive (Storm/Mort),1,1,Y,3775.00,CLR,,2.07,2.76,3,RSTR5,D4,0.267,WM,207928.88
33467,335_22,12/1/2022,3:42,Gate 6,94946,n,run,intensive (Storm/Mort),6,1,Y,3595.00,RAN,,2.08,2.75,3.5,RSTR8,N4,0.253,MC,894121.59
33479,337_22,12/2/2022,6:59,Gate 6,97819,n,run,random (HiFlo),3.5,1,Y,3757.00,CLR,,1.82,2.75,3.4,RSTR8,1,0.153,MC,895864.37
33477,336_22,12/2/2022,0:23,Gate 8,80780,n,run,intensive (Storm/Mort),1,1,Y,3775.00,FOG,,1.88,2.41,3.5,RSTR5,N3,0.21,WM,218689.53
33474,336_22,12/2/2022,0:14,Gate 5,65198,n,run,intensive (Storm/Mort),2,1,Y,3775.00,FOG,,2.06,2.59,2.5,RSTR5,N3,0.275,MC,306731.86
33475,336_22,12/2/2022,0:08,Gate 6,96815,n,run,intensive (Storm/Mort),3.5,1,Y,3775.00,CLR,,1.43,2.61,4,RSTR8,N3,0.263,MC,882977.17
33476,336_22,12/2/2022,0:18,Gate 7,17450,n,run,intensive (Storm/Mort),2.2,1,Y,3775.00,FOG,,1.35,2.92,3.5,RSTR5,N3,0.232,MC,292359.27
33478,337_22,12/2/2022,7:04,Gate 5,66311,n,run,random (HiFlo),1.4,1,Y,3757.00,CLR,,2.7,2.60,2,RSTR5,1,0.158,MC,271461.83
33480,337_22,12/2/2022,7:04,Gate 7,19113,n,run,random (HiFlo),1.1,1,Y,3757.00,CLR,,1.86,2.72,3.2,RSTR5,1,0.165,MC,320505.97
33481,337_22,12/2/2022,7:07,Gate 8,82420,n,run,random (HiFlo),0.6,1,Y,3757.00,CLR,,1.93,2.90,3.2,RSTR5,1,0.169,WM,323665.70
33486,339_22,12/4/2022,9:26,Gate 8,83480,n,run,intensive (Storm/Mort),0.2,1,Y,4034.00,CLD,,1.94,2.75,3.2,RSTR5,D2,0.27,WM,208523.70
33484,339_22,12/4/2022,9:13,Gate 6,98659,n,run,intensive (Storm/Mort),1,1,Y,4034.00,CLD,,2.16,2.64,3.6,RSTR8,D2,0.252,MC,573278.03
33490,339_22,12/4/2022,17:00,Gate 8,85156,n,run,intensive (Storm/Mort),1,1,Y,4034.00,CLD,,2.71,2.91,3.2,RSTR5,N1,0.282,WM,354921.34
33489,339_22,12/4/2022,16:57,Gate 7,22063,n,run,intensive (Storm/Mort),1,1,Y,4034.00,CLD,,2.46,2.65,3.4,RSTR5,N1,0.269,MC,308715.09
33487,339_22,12/4/2022,16:54,Gate 5,68497,n,run,intensive (Storm/Mort),1,1,Y,4034.00,CLD,,2.62,2.46,2.1,RSTR5,N1,0.257,MC,272716.15
33483,339_22,12/4/2022,9:17,Gate 5,67244,n,run,intensive (Storm/Mort),0.2,1,Y,4034.00,CLD,,2.05,2.53,2.2,RSTR5,D2,0.259,MC,170865.09
33488,339_22,12/4/2022,16:51,Gate 6,99775,n,run,intensive (Storm/Mort),2.4,1,Y,4034.00,CLD,,2.37,2.74,3.7,RSTR8,N1,0.243,MC,856166.35
33485,339_22,12/4/2022,9:22,Gate 7,20293,n,run,intensive (Storm/Mort),0.3,1,Y,4034.00,CLD,,2.12,2.63,3.2,RSTR5,D2,0.266,MC,196618.46
33494,340.0_22,12/5/2022,7:26,Gate 8,85963,n,run,intensive (Storm/Mort),1,1,Y,4836.00,CLD,,2.69,2.83,3.6,RSTR5,D1,0.184,WM,145909.88
33491,340.0_22,12/5/2022,7:17,Gate 5,69245,n,run,intensive (Storm/Mort),1,1,Y,4836.00,CLD,,3.62,2.74,2.4,RSTR5,D1,0.253,MC,179973.48
33493,340.0_22,12/5/2022,7:20,Gate 7,23181,n,run,intensive (Storm/Mort),1.2,1,Y,4836.00,CLD,,3.72,2.99,3.2,RSTR5,D1,0.244,MC,189846.49
33492,340.0_22,12/5/2022,7:11,Gate 6,412,n,run,intensive (Storm/Mort),3.4,1,Y,4836.00,CLD,,2.93,2.74,4,RSTR8,D1,0.219,MC,500824.54
33506,341_22,12/6/2022,7:47,Gate 5,78120,n,run,intensive (Storm/Mort),2.5,0.5,Y,4652.00,CLR,,19.6,2.28,3.1,RSTR5,D1,0.326,MC,192455.22
33505,341_22,12/6/2022,7:56,Gate 1,46214,n,run,intensive (Storm/Mort),1.9,0.5,Y,4652.00,CLR,,27.3,2.09,99,RSTR5,D1,0.326,EM,176874.15
33507,341_22,12/6/2022,7:37,Gate 6,2011,n,run,intensive (Storm/Mort),5.5,0.5,Y,4652.00,CLR,,18.8,1.76,4.3,RSTR8,D1,0.336,MC,492398.66
33508,341_22,12/6/2022,7:23,Gate 7,26283,n,run,intensive (Storm/Mort),3.2,0.5,Y,4652.00,CLR,,2.54,2.61,3.2,RSTR5,D1,0.389,MC,283961.96
33500,342_22,12/7/2022,16:25,Gate 1,49366,pb,run,sunrise-sunset,3,1,Y,3950.00,CLD,,3.61,1.48,99,RSTR5,N,1,EM,633574.17
33499,342_22,12/7/2022,10:52,Gate 8,91698,n,run,sunrise-sunset,1.5,1,Y,3950.00,CLR,,6.24,2.93,3.4,RSTR5,D,1,WM,478637.59
33497,342_22,12/7/2022,12:13,Gate 6,4509,n,run,sunrise-sunset,3.05,1,Y,3950.00,CLR,,5.04,2.84,3.6,RSTR8,D,1,MC,1118324.54
33501,342_22,12/7/2022,16:33,Gate 5,78920,n,run,sunrise-sunset,3.5,1,Y,3950.00,CLD,,3.24,2.62,2.5,RSTR5,N,1,MC,1055822.97
33512,341_22,12/7/2022,0:24,Gate 8,89176,n,run,intensive (Storm/Mort),1,0.5,Y,4652.00,CLR,,9.8,2.35,3.5,RSTR5,N3,0.294,WM,278015.01
33496,342_22,12/7/2022,11:46,Gate 5,74503,n,run,sunrise-sunset,1.5,1,Y,3950.00,CLR,,8.13,2.66,2.3,RSTR5,D,1,MC,350560.05
33498,342_22,12/7/2022,11:17,Gate 7,30292,n,run,sunrise-sunset,1.2,1,Y,3950.00,CLR,,5.34,2.53,2.4,RSTR5,D,1,MC,408451.17
33502,342_22,12/7/2022,16:40,Gate 6,8253,n,run,sunrise-sunset,6,1,Y,3950.00,CLR,,5.12,2.54,3.6,RSTR8,N,1,MC,3274185.91
33503,342_22,12/7/2022,16:43,Gate 7,36140,n,run,sunrise-sunset,2.9,1,Y,3950.00,CLD,,3.36,2.47,2.5,RSTR5,N,1,MC,1013288.74
33509,341_22,12/7/2022,0:10,Gate 5,72999,n,run,intensive (Storm/Mort),1.4,0.5,Y,4652.00,CLR,,6.88,2.95,2.6,RSTR5,N3,0.233,MC,298383.28
33504,342_22,12/7/2022,16:47,Gate 8,97528,n,run,sunrise-sunset,1.6,1,Y,3950.00,CLD,,2.87,2.60,3.2,RSTR5,N,1,WM,1056142.84
33511,341_22,12/7/2022,0:19,Gate 7,27916,n,run,intensive (Storm/Mort),1,0.5,Y,4652.00,CLR,,7.59,2.60,3.1,RSTR5,N3,0.256,MC,288763.86
33495,342_22,12/7/2022,12:50,Gate 1,47019,n,run,sunrise-sunset,2,1,Y,3950.00,CLR,,10.9,1.61,99,RSTR5,D,1,EM,158629.41
33510,341_22,12/7/2022,0:14,Gate 6,3269,n,run,intensive (Storm/Mort),2,0.5,Y,4652.00,CLD,,8.25,2.81,3.8,RSTR8,N3,0.238,MC,886845.96
33524,343_22,12/8/2022,16:10,Gate 5,85949,n,run,sunrise-sunset,4.5,1,Y,4081.00,CLD,,3.31,2.77,2.5,RSTR5,N,1,MC,1199128.36
33520,343_22,12/8/2022,7:14,Gate 6,1730,n,run,sunrise-sunset,2.6,1,Y,4081.00,RAN,,3.05,2.64,3.6,RSTR8,D,1,MC,2123117.76
33518,343_22,12/8/2022,7:56,Gate 1,50340,n,run,sunrise-sunset,2,1,Y,4081.00,RAN,,6.47,1.38,99,RSTR5,D,1,EM,336374.86
33521,343_22,12/8/2022,7:34,Gate 7,39971,n,run,sunrise-sunset,2,1,Y,4081.00,RAN,,4.21,2.90,2.9,RSTR5,D,1,MC,700731.36
33523,343_22,12/8/2022,16:48,Gate 1,52144,pb,run,sunrise-sunset,9.5,1,Y,4081.00,CLD,,4.51,2.04,99,RSTR5,N,1,EM,811328.64
33525,343_22,12/8/2022,16:18,Gate 6,5701,n,run,sunrise-sunset,10,1,Y,4081.00,CLD,,3.82,2.99,3.7,RSTR8,N,1,MC,4130878.75
33526,343_22,12/8/2022,16:20,Gate 7,46640,n,run,sunrise-sunset,6.5,1,Y,4081.00,CLD,,3.9,2.99,3.2,RSTR5,N,1,MC,1265177.26
33527,343_22,12/8/2022,16:31,Gate 8,6994,n,run,sunrise-sunset,6,1,Y,4081.00,CLD,,3.99,3.02,3.55,RSTR5,N,1,WM,1225032.56
33519,343_22,12/8/2022,7:10,Gate 5,81316,n,run,sunrise-sunset,1.7,1,Y,4081.00,RAN,,4.89,2.61,2,RSTR5,D,1,MC,648949.46
33522,343_22,12/8/2022,7:31,Gate 8,1047,n,run,sunrise-sunset,1.8,1,Y,4081.00,RAN,,4.79,2.52,3.3,RSTR5,D,1,WM,625493.73
33528,344_22,12/9/2022,7:14,Gate 8,8200,n,run,intensive (Storm/Mort),1,1,Y,4863.00,CLD,,4.54,2.74,3.4,RSTR5,D1,0.297,WM,226251.25
33529,344_22,12/9/2022,7:40,Gate 7,47961,n,run,intensive (Storm/Mort),1,1,Y,4863.00,CLD,,4.62,3.18,3.2,RSTR5,D1,0.295,MC,242933.22
33531,344_22,12/9/2022,7:51,Gate 5,86903,n,run,intensive (Storm/Mort),1,1,Y,4863.00,CLD,,3.22,3.12,2.5,RSTR5,D1,0.288,MC,232277.24
33530,344_22,12/9/2022,7:28,Gate 6,,n,run,intensive (Storm/Mort),1,1,Y,4863.00,CLD,,4.13,3.04,3.7,RSTR8,D1,0.27,MC,702106.05
33532,344_22,12/9/2022,8:25,Gate 1,52770,n,run,intensive (Storm/Mort),2,1,Y,4863.00,CLD,,3.83,2.17,99,RSTR5,D1,0.262,EM,146486.54
33516,344_22,12/10/2022,3:40,Gate 7,49703,n,run,intensive (Storm/Mort),2,1,Y,4863.00,RAN,,8.27,3.13,3.3,RSTR5,N4,0.252,MC,342099.90
33517,344_22,12/10/2022,3:41,Gate 8,9601,n,run,intensive (Storm/Mort),2.6,1,Y,4863.00,RAN,,7.95,2.63,3.4,RSTR5,N4,0.237,WM,251217.66
33515,344_22,12/10/2022,3:27,Gate 6,8101,n,run,intensive (Storm/Mort),3,1,Y,4863.00,RAN,,7.34,2.82,3.9,RSTR8,N4,0.239,MC,923470.12
33514,344_22,12/10/2022,3:33,Gate 5,87983,n,run,intensive (Storm/Mort),1,1,Y,4863.00,RAN,,7.58,2.91,2.5,RSTR5,N4,0.264,MC,334380.59
33513,344_22,12/10/2022,3:47,Gate 1,53496,n,run,intensive (Storm/Mort),2,1,Y,4863.00,RAN,,7.52,1.95,99,RSTR5,N4,0.247,EM,167678.23
33545,347_22,12/12/2022,10:15,Gate 7,49115,n,run,intensive (Storm/Mort),0.8,1,Y,5044.00,CLR,,16.5,2.79,3.4,RSTR5,D2,0.312,MC,241335.04
33544,347_22,12/12/2022,10:10,Gate 6,11684,n,run,intensive (Storm/Mort),3,1,Y,5044.00,CLR,,13.8,3.46,3.8,RSTR8,D2,0.276,MC,836010.29
33533,346_22,12/12/2022,3:13,Gate 1,55143,n,run,random (HiFlo),0.8,1,Y,7797.00,CLR,,28.9,2.66,99,RSTR5,6,0.168,EM,295662.26
33546,347_22,12/12/2022,10:18,Gate 8,15352,n,run,intensive (Storm/Mort),0.4,1,Y,5044.00,CLR,,17.2,3.33,3.8,RSTR5,D2,0.358,WM,307916.60
33534,346_22,12/12/2022,3:05,Gate 5,89751,n,run,random (HiFlo),1.4,1,Y,7797.00,CLR,,24.9,3.56,3,RSTR5,6,0.167,MC,423368.86
33535,346_22,12/12/2022,3:00,Gate 6,9664,n,run,random (HiFlo),4.5,1,Y,7797.00,CLR,,25.8,3.09,3.8,RSTR8,6,0.166,MC,1150522.10
33536,346_22,12/12/2022,3:19,Gate 7,,n,run,random (HiFlo),1,1,Y,7797.00,CLR,,27.8,2.46,3.7,RSTR5,6,0.169,MC,317144.37
33537,346_22,12/12/2022,3:13,Gate 8,11767,n,run,random (HiFlo),0.7,1,Y,7797.00,CLR,,27.3,3.17,3.6,RSTR5,6,0.178,WM,401570.40
33539,347_22,12/12/2022,16:47,Gate 6,12860,n,run,intensive (Storm/Mort),1.6,1,Y,5044.00,CLR,,19.1,3.41,3.6,RSTR8,N1,0.23,MC,1017919.47
33540,347_22,12/12/2022,16:50,Gate 7,1618,n,run,intensive (Storm/Mort),0.5,1,Y,5044.00,CLR,,18,3.05,3.4,RSTR5,N1,0.239,MC,316826.16
33541,347_22,12/12/2022,17:02,Gate 8,17471,n,run,intensive (Storm/Mort),0.4,1,Y,5044.00,CLR,,17.6,3.50,4,RSTR5,N1,0.239,WM,337552.65
33542,347_22,12/12/2022,10:21,Gate 1,57703,n,run,intensive (Storm/Mort),1,1,Y,5044.00,CLR,,17.7,2.25,99,RSTR5,D2,0.519,EM,300725.91
33543,347_22,12/12/2022,10:13,Gate 5,92833,n,run,intensive (Storm/Mort),1,1,Y,5044.00,CLR,,16.8,3.44,2.8,RSTR5,D2,0.444,MC,423470.91
33538,347_22,12/12/2022,16:43,Gate 5,94176,n,run,intensive (Storm/Mort),0.6,1,Y,5044.00,CLR,,24.6,2.44,2.3,RSTR5,N1,0.24,MC,236773.11
33548,348_22,12/13/2022,9:43,Gate 5,3246,n,run,non-intensive,3,1,Y,4469.00,CLR,,4.03,2.97,2.4,RSTR5,,1.054166667,MC,2232131.17
33550,348_22,12/13/2022,9:56,Gate 7,13347,n,run,non-intensive,3,1,Y,4469.00,CLR,,4.49,2.64,2.7,RSTR5,,0.99375,MC,1869322.46
33551,348_22,12/13/2022,10:02,Gate 8,25537,n,run,non-intensive,2,1,Y,4469.00,CLR,,6.82,2.85,3,RSTR5,,1.013194444,WM,1908139.36
33547,348_22,12/13/2022,9:49,Gate 1,64008,n,run,non-intensive,3,1,Y,4469.00,CLR,,3.62,1.55,99,RSTR5,,1.090277778,EM,1121004.36
33549,348_22,12/13/2022,9:38,Gate 6,20303,n,run,non-intensive,3.5,0.5,Y,4469.00,CLR,,3.7,2.81,3.5,RSTR8,,0.970138889,MC,5963786.71
33552,349_22,12/14/2022,11:59,Gate 1,68361,nr,run,non-intensive,2.2,1,Y,4246.00,CLR,,4.49,1.40,99,RSTR5,,1.028472222,EM,951182.92
33556,349_22,12/14/2022,10:21,Gate 8,33249,n,run,non-intensive,2.3,1,Y,4246.00,CLR,,3.82,2.86,2.8,RSTR5,,1.020138889,WM,1927783.50
33555,349_22,12/14/2022,9:47,Gate 7,24145,n,run,non-intensive,2.2,1,Y,4246.00,CLR,,3.08,2.64,2.2,RSTR5,,1.009722222,MC,1765297.68
33554,349_22,12/14/2022,8:55,Gate 6,27030,n,run,non-intensive,3.5,0.5,Y,4246.00,CLR,,3.35,2.68,2.8,RSTR8,,1.011805556,MC,5766547.50
33553,349_22,12/14/2022,11:01,Gate 5,11078,n,run,non-intensive,2.1,1,Y,4246.00,CLR,,3.46,2.97,2,RSTR5,,1.030555556,MC,2180493.80
33557,350_22,12/15/2022,12:40,Gate 1,70935,n,run,non-intensive,1.5,1,Y,4078.00,CLR,,3.21,1.38,99,RSTR5,,0.944444444,EM,927376.15
33561,350_22,12/15/2022,10:50,Gate 8,40520,n,run,non-intensive,1.8,1,Y,4078.00,CLR,,3.41,2.96,3.3,RSTR5,,0.978472222,WM,2066018.30
33558,350_22,12/15/2022,11:45,Gate 5,18002,n,run,non-intensive,3,1,Y,4078.00,CLR,,2.46,2.85,2.4,RSTR5,,0.961111111,MC,1812396.18
33560,350_22,12/15/2022,10:01,Gate 7,34080,n,run,non-intensive,2,1,Y,4078.00,CLR,,2.45,2.56,2.2,RSTR5,,0.986805556,MC,1671538.56
33559,350_22,12/15/2022,9:12,Gate 6,33283,n,run,non-intensive,3.5,0.5,Y,4078.00,CLR,,3.01,2.68,3,RSTR8,,0.988194444,MC,5626696.16
33566,351_22,12/16/2022,10:19,Gate 8,49780,n,run,non-intensive,1.8,1,Y,4001.00,CLR,,2.48,2.71,3.6,RSTR5,,0.977083333,WM,1884302.25
33563,351_22,12/16/2022,10:49,Gate 5,24934,n,run,non-intensive,1.9,1,Y,4001.00,CLR,,2.33,2.83,2.2,RSTR5,,0.977777778,MC,1831744.99
33564,351_22,12/16/2022,9:42,Gate 7,43813,n,run,non-intensive,1.7,1,Y,4001.00,CLR,,2.42,2.52,2.5,RSTR5,,0.975,MC,1752272.80
33565,351_22,12/16/2022,8:55,Gate 6,39136,n,run,non-intensive,4,1,Y,4001.00,CLR,,2.25,2.50,3.3,RSTR8,,0.986805556,MC,5396318.22
33562,351_22,12/16/2022,11:20,Gate 1,73086,n,run,non-intensive,1.5,1,Y,4001.00,CLR,,3.21,1.42,99,RSTR5,,0.972916667,EM,913097.13
33573,352_22,12/17/2022,9:46,Gate 8,59869,n,run,non-intensive,2.2,1,Y,3957.00,CLR,,2.32,2.71,3.6,RSTR5,,0.990277778,WM,1915962.96
33570,352_22,12/17/2022,10:17,Gate 5,31711,n,run,non-intensive,3,1,Y,3957.00,CLR,,2,2.70,2.3,RSTR5,,0.977083333,MC,1745434.12
33571,352_22,12/17/2022,8:36,Gate 6,45390,n,run,non-intensive,6.2,1,Y,3957.00,CLR,,2.38,2.46,3,RSTR8,,1.014583333,MC,5312166.39
33572,352_22,12/17/2022,9:06,Gate 7,53488,n,run,non-intensive,2.4,1,Y,3957.00,CLR,,2.55,2.58,2.25,RSTR5,,0.990277778,MC,1689703.05
33567,352_22,12/17/2022,10:41,Gate 1,74989,n,run,non-intensive,1.3,1,Y,3957.00,CLR,,2.25,1.52,99,RSTR5,,0.990972222,EM,994278.35
33574,353_22,12/18/2022,10:28,Gate 1,76362,n,run,non-intensive,1.5,1,Y,3915.00,FOG,,2.42,1.16,99,RSTR5,,1.108333333,EM,852200.30
33578,353_22,12/18/2022,9:32,Gate 8,71079,n,run,non-intensive,1.5,1,Y,3915.00,FOG,,2.26,2.66,3.75,RSTR5,,1.092361111,WM,2070165.48
33577,353_22,12/18/2022,8:52,Gate 7,64099,n,run,non-intensive,2.6,1,Y,3915.00,FOG,,2.2,2.92,3.4,RSTR5,,1.099305556,MC,2120823.17
33575,353_22,12/18/2022,9:44,Gate 5,39181,n,run,non-intensive,3,1,Y,3915.00,FOG,,1.59,2.62,2.4,RSTR5,,1.119444444,MC,1941937.40
33576,353_22,12/18/2022,8:57,Gate 6,51755,n,run,non-intensive,4,1,Y,3915.00,FOG,,2.42,2.79,3.2,RSTR8,,1.041666667,MC,6358841.71
33579,354_22,12/19/2022,12:36,Gate 5,45527,n,run,non-intensive,2,1,Y,3933.00,CLD,,2.53,2.72,2.5,RSTR5,,0.949305556,MC,1710678.66
33581,354_22,12/19/2022,11:15,Gate 7,73222,n,run,non-intensive,2,1,Y,3933.00,CLD,,2.31,2.85,3.2,RSTR5,,0.952777778,MC,1797923.11
33580,354_22,12/19/2022,9:57,Gate 6,57688,n,run,non-intensive,5.5,1,Y,3933.00,CLD,,2.57,2.67,3.1,RSTR8,,0.977777778,MC,5543809.08
33582,354_22,12/19/2022,11:45,Gate 8,80787,n,run,non-intensive,1.9,1,Y,3933.00,CLD,,2.21,2.78,3.75,RSTR5,,0.959722222,WM,1899751.57
33585,355_22,12/20/2022,10:07,Gate 7,82988,n,run,non-intensive,2.2,1,Y,4067.00,CLD,,2.77,2.95,3.5,RSTR5,,0.98125,MC,2062818.96
33586,355_22,12/20/2022,10:47,Gate 8,91467,n,run,non-intensive,2.3,1,Y,4067.00,CLD,,2.69,3.05,3.75,RSTR5,,0.979861111,WM,1980164.59
33584,355_22,12/20/2022,9:25,Gate 6,63779,n,run,non-intensive,6.8,1,Y,4067.00,CLD,,2.64,2.63,3.2,RSTR8,,0.976388889,MC,5452803.41
33583,355_22,12/20/2022,11:23,Gate 5,52602,n,run,non-intensive,2.4,1,Y,4067.00,CLD,,1.95,2.40,2.4,RSTR5,,0.986805556,MC,1570579.96
33594,356_22,12/21/2022,9:40,Gate 7,93065,n,run,non-intensive,3.2,1,Y,4014.00,FOG,,2.71,2.65,3.2,RSTR5,,1.013194444,MC,1777093.86
33593,356_22,12/21/2022,8:51,Gate 6,69860,n,run,non-intensive,6.8,1,Y,4014.00,CLD,,2.52,2.66,3.1,RSTR8,,1.021527778,MC,5779529.80
33595,356_22,12/21/2022,10:18,Gate 8,2535,n,run,non-intensive,2,1,Y,4014.00,FOG,,3.02,2.79,3.75,RSTR5,,1.013888889,WM,1875222.84
33592,356_22,12/21/2022,11:04,Gate 5,59120,n,run,non-intensive,2.5,1,Y,4014.00,FOG,,2.82,2.77,2.2,RSTR5,,0.91875,MC,1682199.36
33588,357_22,12/22/2022,9:07,Gate 5,65560,n,run,non-intensive,3,1,Y,3805.00,CLD,,2.5,2.36,2.5,RSTR5,,1.013888889,MC,1583136.71
33589,357_22,12/22/2022,9:22,Gate 6,75608,n,run,non-intensive,4,1,Y,3805.00,CLD,,2.45,2.63,3.25,RSTR8,,0.976388889,MC,5602558.50
33590,357_22,12/22/2022,9:59,Gate 7,2097,n,run,non-intensive,2.1,1,Y,3805.00,CLD,,2.07,2.89,2.9,RSTR5,,0.945138889,MC,1947947.93
33587,357.0_22,12/22/2022,13:03,Gate 1,79085,nr,run,non-intensive,1.6,1,Y,3805.00,CLD,,1.75,1.68,99,RSTR5,,0.882638889,EM,979670.91
33591,357_22,12/22/2022,10:38,Gate 8,12340,n,run,non-intensive,1.4,1,Y,3805.00,CLD,,2.27,2.89,3.6,RSTR5,,0.948611111,WM,1813525.19
33596,358_22,12/23/2022,8:40,Gate 7,12096,n,run,non-intensive,2.7,1,Y,3815.00,CLR,,2.52,2.76,3.1,RSTR5,,1.042361111,MC,1902833.99
33598,358_22,12/23/2022,9:27,Gate 5,12556,n,run,non-intensive,3,1,Y,3815.00,CLR,,2.23,2.61,2.2,RSTR5,,1.055555556,MC,1823537.22
33599,358_22,12/23/2022,9:24,Gate 8,23066,n,run,non-intensive,3,1,Y,3815.00,CLR,,2.74,2.84,3.75,RSTR5,,1.033333333,WM,1942551.16
33600,358_22,12/23/2022,8:48,Gate 6,81558,n,run,non-intensive,6,1,Y,3815.00,CLR,,3.38,2.48,3,RSTR8,,1.004861111,MC,5287974.60
33597,358_22,12/23/2022,10:14,Gate 1,83654,n,run,non-intensive,3,1,Y,3815.00,CLR,,3.16,1.72,99,RSTR5,,1.045138889,EM,1192314.43
33602,363_22,12/28/2022,10:54,Gate 7,14841,n,run,random (HiFlo),1.9,1,Y,8088.00,CLD,,442,3.60,4.3,RSTR5,2,0.17,MC,436331.97
33605,363_22,12/28/2022,10:52,Gate 8,25662,n,run,random (HiFlo),1.3,1,Y,8088.00,CLD,,508,3.61,4.6,RSTR5,2,0.16,WM,410457.31
33604,363_22,12/28/2022,10:58,Gate 6,83066,n,run,random (HiFlo),6.3,1,Y,8088.00,CLD,,508,3.81,4.5,RSTR8,2,0.164,MC,1364728.28
33603,363_22,12/28/2022,11:02,Gate 5,74933,n,run,random (HiFlo),3,1,Y,8088.00,CLD,,483,3.86,3.7,RSTR5,2,0.167,MC,458483.01
33601,363_22,12/28/2022,11:08,Gate 1,85483,n,run,random (HiFlo),1.9,1,Y,8088.00,CLD,,486,2.88,99,RSTR5,2,0.17,EM,324034.78
33606,364_22,12/29/2022,18:40,Gate 1,87558,nr,run,random (HiFlo),2.9,0.5,Y,11142.00,RAN,,41,2.19,99,RSTR5,4,0.199,EM,287728.94
33607,364_22,12/29/2022,18:26,Gate 5,77569,n,run,random (HiFlo),2.5,1,Y,11142.00,RAN,,31.1,4.25,3.6,RSTR5,4,0.162,MC,492296.81
33608,364_22,12/29/2022,18:23,Gate 6,85479,n,run,random (HiFlo),3,0.5,Y,11142.00,RAN,,38,4.16,4.2,RSTR8,4,0.162,MC,1476557.08
33609,364_22,12/29/2022,18:30,Gate 7,18927,n,run,random (HiFlo),1.5,1,Y,11142.00,RAN,,30.7,3.58,4.6,RSTR5,4,0.176,MC,482989.43
33610,364_22,12/29/2022,18:33,Gate 8,30263,n,run,random (HiFlo),2.1,1,Y,11142.00,RAN,,32.1,3.64,4.5,RSTR5,4,0.187,WM,485305.59
33611,365_22,12/30/2022,6:49,Gate 1,88172,n,run,random (HiFlo),2.4,0.5,Y,33383.00,RAN,,42.8,1.83,99,RSTR5,1,0.128,EM,155243.31
33615,365_22,12/30/2022,6:41,Gate 8,32714,n,run,random (HiFlo),6.5,1,Y,33383.00,RAN,,60,2.88,6.5,RSTR5,1,0.147,WM,324136.99
33614,365_22,12/30/2022,6:44,Gate 7,21707,n,run,random (HiFlo),6.2,1,Y,33383.00,RAN,,66,3.09,7,RSTR5,1,0.158,MC,400574.89
33612,365_22,12/30/2022,6:46,Gate 5,80321,n,run,random (HiFlo),8,1,Y,33383.00,RAN,,58.7,3.32,4,RSTR5,1,0.141,MC,383548.39
33613,365_22,12/30/2022,6:40,Gate 6,87007,n,run,random (HiFlo),12.4,0.5,Y,33383.00,RAN,,74.5,4.49,6.5,RSTR8,1,0.139,MC,1433385.33
33620,2_23,1/1/2023,9:40,Gate 7,24790,n,run,intensive (Storm/Mort),0.5,1,Y,9663.00,CLR,,240,3.61,5,RSTR5,D2,0.24,MC,259386.25
33619,2_23,1/1/2023,9:50,Gate 5,82191,n,run,intensive (Storm/Mort),0.7,1,Y,9663.00,CLR,,235,3.30,4.1,RSTR5,D2,0.25,MC,230500.90
33618,2_23,1/1/2023,9:57,Gate 1,89024,n,run,intensive (Storm/Mort),0.7,0.5,Y,9663.00,CLR,,266,2.52,99,RSTR5,D2,0.254,EM,165535.29
33621,2_23,1/1/2023,9:45,Gate 8,34378,n,run,intensive (Storm/Mort),0.2,1,Y,9663.00,CLR,,270,3.80,4.7,RSTR5,D2,0.243,WM,239552.55
33627,3_23,1/2/2023,7:43,Gate 1,91660,n,run,intensive (Storm/Mort),0.3,1,Y,7673.00,CLD,,64.6,3.03,99,RSTR5,D1,0.296,EM,250407.39
33628,3_23,1/2/2023,7:30,Gate 5,85849,n,run,intensive (Storm/Mort),0.4,1,Y,7673.00,CLD,,63.4,3.94,3.1,RSTR5,D1,0.264,MC,269581.65
33629,3_23,1/2/2023,7:25,Gate 6,2251,n,run,intensive (Storm/Mort),0.5,1,Y,7673.00,CLD,,56.8,3.31,3.9,RSTR8,D1,0.252,MC,713580.18
33630,3_23,1/2/2023,7:39,Gate 7,29601,n,run,intensive (Storm/Mort),0.4,1,Y,7673.00,CLD,,66.1,3.63,3.6,RSTR5,D1,0.264,MC,267961.29
33626,2_23,1/2/2023,3:55,Gate 8,37675,n,run,intensive (Storm/Mort),0.4,1,Y,9663.00,CLD,,71.7,4.21,4.75,RSTR5,N4,0.242,WM,441865.58
33625,2_23,1/2/2023,3:52,Gate 7,28054,n,run,intensive (Storm/Mort),0.4,1,Y,9663.00,CLD,,72.9,4.00,4,RSTR5,N4,0.259,MC,449328.73
33624,2_23,1/2/2023,3:49,Gate 6,1576,n,run,intensive (Storm/Mort),1.2,1,Y,9663.00,CLR,,76,3.91,3.9,RSTR8,N4,0.246,MC,1282930.11
33623,2_23,1/2/2023,3:58,Gate 5,84537,n,run,intensive (Storm/Mort),0.8,1,Y,9663.00,CLR,,75.1,3.89,3.2,RSTR5,N4,0.242,MC,408304.05
33622,2_23,1/2/2023,4:20,Gate 1,90611,n,run,intensive (Storm/Mort),0.5,1,Y,9663.00,CLD,,74.3,2.85,99,RSTR5,N4,0.231,EM,
33631,3_23,1/2/2023,7:35,Gate 8,39276,n,run,intensive (Storm/Mort),0.4,1,Y,7673.00,CLD,,56.6,4.28,4.5,RSTR5,D1,0.241,WM,267559.55
33633,3_23,1/3/2023,3:46,Gate 6,4637,n,run,intensive (Storm/Mort),1.5,1,Y,7673.00,RAN,,38,3.11,3.9,RSTR8,N4,0.247,MC,1020701.68
33650,4_23,1/3/2023,16:50,Gate 7,37311,n,run,intensive (Storm/Mort),0.2,1,Y,7088.00,CLD,,28.9,3.36,3.5,RSTR5,N1,0.253,MC,367311.95
33645,4_23,1/3/2023,17:00,Gate 1,95198,n,run,intensive (Storm/Mort),0.3,1,Y,7088.00,CLD,,35,1.93,99,RSTR5,N1,0.275,EM,212590.03
33639,3_23,1/3/2023,3:53,Gate 1,93034,n,run,intensive (Storm/Mort),0.5,1,Y,7673.00,RAN,,106,2.46,99,RSTR5,N4,0.256,EM,253219.38
33636,3_23,1/3/2023,3:48,Gate 5,87817,n,run,intensive (Storm/Mort),1,1,Y,7673.00,RAN,,42.7,3.95,3,RSTR5,N4,0.251,MC,399101.70
33648,4_23,1/3/2023,16:56,Gate 5,92293,n,run,intensive (Storm/Mort),0.3,1,Y,7088.00,CLD,,23,3.59,2.9,RSTR5,N1,0.267,MC,384694.46
33649,4_23,1/3/2023,16:48,Gate 6,7805,n,run,intensive (Storm/Mort),0.6,1,Y,7088.00,CLD,,30.4,3.51,3.75,RSTR8,N1,0.247,MC,1114859.52
33651,4_23,1/3/2023,16:53,Gate 8,48026,n,run,intensive (Storm/Mort),0.3,1,Y,7088.00,CLD,,30.3,3.93,4.6,RSTR5,N1,0.258,WM,405940.26
33637,4_23,1/3/2023,12:26,Gate 5,89282,n,run,intensive (Storm/Mort),0.4,1,Y,7088.00,RAN,,20.7,3.49,3.1,RSTR5,D3,0.258,MC,251866.26
33635,3_23,1/3/2023,3:41,Gate 7,31888,n,run,intensive (Storm/Mort),0.5,1,Y,7673.00,RAN,,45.8,3.54,3.9,RSTR5,N4,0.245,MC,376833.19
33634,4_23,1/3/2023,12:30,Gate 1,93799,n,run,intensive (Storm/Mort),0.3,1,Y,7088.00,RAN,,26.7,2.05,99,RSTR5,D3,0.287,EM,152856.22
33638,4_23,1/3/2023,12:16,Gate 6,5607,n,run,intensive (Storm/Mort),1.3,1,Y,7088.00,RAN,,23.1,3.79,3.75,RSTR8,D3,0.248,MC,806466.56
33632,3_23,1/3/2023,3:38,Gate 8,41709,n,run,intensive (Storm/Mort),0.2,1,Y,7673.00,RAN,,34.2,3.92,4.2,RSTR5,N4,0.244,WM,385233.69
33642,4_23,1/3/2023,12:22,Gate 8,43865,n,run,intensive (Storm/Mort),0.2,1,Y,7088.00,RAN,,30.3,3.88,4.5,RSTR5,D3,0.214,WM,232584.23
33640,4_23,1/3/2023,12:19,Gate 7,33770,n,run,intensive (Storm/Mort),0.2,1,Y,7088.00,RAN,,25.5,3.39,3.9,RSTR5,D3,0.23,MC,218299.33
33641,5.0_23,1/4/2023,14:47,Gate 1,95075,n,run,intensive (Storm/Mort),0.1,1,Y,11158.00,CLD,,22.6,1.85,99,RSTR5,D4,0.221,EM,114750.00
33656,5.0_23,1/4/2023,16:50,Gate 8,50904,n,run,intensive (Storm/Mort),4,1,Y,11158.00,RAN,,,,,RSTR5,N1,0.2,MC,
33654,5.0_23,1/4/2023,16:52,Gate 6,,n,run,intensive (Storm/Mort),,1,Y,11158.00,CLR,,,,,RSTR8,N1,0.25,MC,
33643,5.0_23,1/4/2023,14:42,Gate 5,93780,n,run,intensive (Storm/Mort),0.1,1,Y,11158.00,RAN,,19,3.63,3.5,RSTR5,D4,0.251,MC,236939.88
33644,5.0_23,1/4/2023,14:33,Gate 6,9071,n,run,intensive (Storm/Mort),0.8,1,Y,11158.00,RAN,,21.5,3.59,3.8,RSTR8,D4,0.212,MC,649050.91
33646,5.0_23,1/4/2023,14:36,Gate 7,39359,n,run,intensive (Storm/Mort),0.3,1,Y,11158.00,RAN,,20,3.44,3.2,RSTR5,D4,0.219,MC,211052.57
33655,5.0_23,1/4/2023,16:40,Gate 7,40395,nr,run,intensive (Storm/Mort),,1,Y,11158.00,RAN,,,,,RSTR5,N1,0.173,MC,
33652,5.0_23,1/4/2023,16:52,Gate 1,,n,run,intensive (Storm/Mort),,1,Y,11158.00,CLR,,,,,RSTR8,N1,0.25,MC,
33647,5.0_23,1/4/2023,14:39,Gate 8,50295,n,run,intensive (Storm/Mort),0.6,1,Y,11158.00,RAN,,20.1,3.87,4.5,RSTR5,D4,0.231,WM,250838.85
33653,5.0_23,1/4/2023,17:04,Gate 5,,n,run,intensive (Storm/Mort),,1,Y,11158.00,CLR,,,,,RSTR5,N1,0.25,MC,
33659,19_23,1/18/2023,7:38,Gate 6,10636,n,run,intensive (Storm/Mort),1.1,1,Y,12961.00,CLD,,56.5,5.18,5.3,RSTR8,D1,0.205,MC,970448.59
33658,19_23,1/18/2023,7:33,Gate 5,13919,n,run,intensive (Storm/Mort),0.2,1,Y,12961.00,CLD,,44.1,3.71,4.6,RSTR5,D1,0.242,MC,261036.39
33660,19_23,1/18/2023,7:41,Gate 7,,n,run,intensive (Storm/Mort),0.2,1,Y,12961.00,CLD,,46.3,3.46,4.7,RSTR5,D1,0.217,MC,217734.05
33661,19_23,1/18/2023,7:29,Gate 8,96480,n,run,intensive (Storm/Mort),0.2,1,Y,12961.00,CLD,,53.3,3.35,4.6,RSTR5,D1,0.263,WM,237061.33
33657,19_23,1/18/2023,7:39,Gate 1,97866,n,run,intensive (Storm/Mort),0.2,1,Y,12961.00,CLR,,42.2,2.59,99,RSTR5,D1,0.261,EM,181856.28
33670,20_23,1/19/2023,7:25,Gate 5,20363,n,run,random (HiFlo),1.5,1,Y,12303.00,CLR,,46.6,3.68,5.4,RSTR5,1,0.178,MC,466519.88
33673,20_23,1/19/2023,7:11,Gate 8,1656,n,run,random (HiFlo),0.5,1,Y,12303.00,CLR,,46,3.07,5.2,RSTR5,1,0.166,WM,337452.63
33666,19_23,1/19/2023,4:03,Gate 6,13081,n,run,intensive (Storm/Mort),4,1,Y,12961.00,CLR,,52.1,5.18,6.3,RSTR8,N4,0.248,MC,1752507.03
33671,20_23,1/19/2023,7:35,Gate 6,35088,n,run,random (HiFlo),3.7,1,Y,12303.00,CLR,,29.1,4.05,7,RSTR8,1,0.169,MC,1576257.48
33667,19_23,1/19/2023,4:00,Gate 7,2524,n,run,intensive (Storm/Mort),0.5,1,Y,12961.00,CLR,,56.9,3.36,5.4,RSTR5,N4,0.232,MC,353790.93
33672,20_23,1/19/2023,7:18,Gate 7,5656,n,run,random (HiFlo),0.7,1,Y,12303.00,CLR,,36.4,2.71,5.7,RSTR5,1,0.167,MC,322012.52
33669,20_23,1/19/2023,7:14,Gate 1,98948,n,run,random (HiFlo),0.2,1,Y,12303.00,CLR,,41.8,2.40,99,RSTR5,1,0.175,EM,278101.42
33664,19_23,1/19/2023,3:53,Gate 5,17193,n,run,intensive (Storm/Mort),1.7,1,Y,12961.00,CLR,,51.1,4.37,4.9,RSTR5,N4,0.248,MC,492122.46
33663,19_23,1/19/2023,3:50,Gate 1,97914,n,run,intensive (Storm/Mort),0.2,1,Y,12961.00,CLR,,46.8,2.37,99,RSTR5,N4,0.239,EM,221980.57
33668,19_23,1/19/2023,3:57,Gate 8,9155,n,run,intensive (Storm/Mort),0.7,1,Y,12961.00,CLR,,49.9,3.80,4.7,RSTR5,N4,0.227,WM,365361.66
33683,21_23,1/20/2023,8:57,Gate 5,37325,n,run,non-intensive,2.2,1,Y,10056.00,CLR,,30.9,3.47,3.9,RSTR5,,1.156944444,MC,2865698.46
33684,21_23,1/20/2023,8:41,Gate 6,26837,n,run,non-intensive,5.3,1,Y,10056.00,CLR,,32.2,3.26,5.4,RSTR8,,1.015972222,MC,7243869.36
33685,21_23,1/20/2023,8:49,Gate 7,24376,n,run,non-intensive,0.9,1,Y,10056.00,CLR,,26.9,2.96,4.2,RSTR5,,1.065972222,MC,2252057.98
33686,21_23,1/20/2023,8:52,Gate 8,17075,n,run,non-intensive,0.7,1,Y,10056.00,CLR,,28.8,2.53,4,RSTR5,,1.104166667,WM,1846453.69
33682,21_23,1/20/2023,9:00,Gate 1,11560,n,run,non-intensive,1.3,1,Y,10056.00,CLR,,27.1,2.81,99,RSTR5,,1.191666667,EM,2218816.67
33679,22_23,1/21/2023,9:04,Gate 6,36607,n,run,non-intensive,4.2,1,Y,8990.00,CLR,,20.4,3.37,5.2,RSTR8,,0.997222222,MC,7354932.23
33678,22_23,1/21/2023,12:43,Gate 5,51213,n,run,non-intensive,2.1,1,Y,8990.00,CLR,,23.8,3.04,3.6,RSTR5,,1.025694444,MC,2219208.19
33677,22_23,1/21/2023,13:36,Gate 1,20973,n,run,non-intensive,2,1,Y,8990.00,CLR,,22.2,2.87,99,RSTR5,,0.9875,EM,1873404.51
33680,22_23,1/21/2023,10:24,Gate 7,40000,n,run,non-intensive,0.8,1,Y,8990.00,CLR,,22.9,3.57,4.1,RSTR5,,1.020833333,MC,2595163.73
33681,22_23,1/21/2023,11:22,Gate 8,29390,n,run,non-intensive,0.7,1,Y,8990.00,CLR,,22.7,2.82,4.2,RSTR5,,1.028472222,WM,1917976.24
33662,23_23,1/22/2023,13:18,Gate 1,29765,n,run,non-intensive,1.1,1,Y,8216.00,CLR,,12.9,2.54,99,RSTR5,,0.895833333,EM,1505014.49
33676,23_23,1/22/2023,13:20,Gate 5,61506,n,run,non-intensive,0.7,1,Y,8216.00,CLR,,14.1,3.65,3.8,RSTR5,,0.797916667,MC,2076240.13
33665,23_23,1/22/2023,9:00,Gate 6,46000,n,run,non-intensive,3.5,1,Y,8216.00,CLR,,14.9,3.64,5.25,RSTR8,,1.000694444,MC,7955915.07
33675,23_23,1/22/2023,12:03,Gate 8,9390,n,run,non-intensive,0.2,1,Y,8216.00,CLR,,13.7,2.88,3.5,RSTR5,,0.895833333,WM,1705426.04
33674,23_23,1/22/2023,10:54,Gate 7,40000,n,run,non-intensive,0.4,1,Y,8216.00,CLR,,13.7,3.26,3.2,RSTR5,,0.923611111,MC,1995336.13
33687,24_23,1/23/2023,10:48,Gate 1,37432,n,run,non-intensive,0.7,1,Y,7564.00,CLR,,13.6,2.33,99,RSTR5,,1.011111111,EM,1556186.45
33688,24_23,1/23/2023,8:29,Gate 5,74194,n,run,non-intensive,2,1,Y,7564.00,CLR,,14.8,3.66,3.5,RSTR5,,1.020138889,MC,2469071.73
33689,24_23,1/23/2023,9:01,Gate 6,54968,n,run,non-intensive,3.7,1,Y,7564.00,CLR,,16.8,3.11,5,RSTR8,,1.000694444,MC,6996033.60
33690,24_23,1/23/2023,9:04,Gate 7,68022,n,run,non-intensive,1,1,Y,7564.00,CLR,,13.4,3.70,3.6,RSTR5,,1.027083333,MC,2515720.51
33691,24_23,1/23/2023,9:33,Gate 8,50989,n,run,non-intensive,0.5,1,Y,7564.00,CLR,,12.6,2.73,3.9,RSTR5,,1.040972222,WM,1877473.35
33697,25_23,1/24/2023,12:32,Gate 8,62034,n,run,non-intensive,0.6,1,Y,6992.00,CLR,,13.9,2.38,3.8,RSTR5,,0.923611111,WM,1456600.71
33696,25_23,1/24/2023,9:43,Gate 7,82121,n,run,non-intensive,0.6,1,Y,6992.00,CLR,,16.3,3.01,3.6,RSTR5,,1.038888889,MC,2068557.72
33693,25_23,1/24/2023,11:04,Gate 1,43686,n,run,non-intensive,0.5,1,Y,6992.00,CLR,,18.1,1.99,99,RSTR5,,1.091666667,EM,1437576.87
33695,25_23,1/24/2023,9:02,Gate 6,63278,n,run,non-intensive,3.5,1,Y,6992.00,CLR,,14.7,3.75,4.9,RSTR8,,1.011805556,MC,8286139.30
33694,25_23,1/24/2023,8:08,Gate 5,87887,n,run,non-intensive,1.8,1,Y,6992.00,CLR,,16.7,3.29,3.75,RSTR5,,1.186111111,MC,2583069.94
33702,26_23,1/25/2023,10:42,Gate 8,73009,n,run,non-intensive,0.5,1,Y,6408.00,CLR,,9.72,2.51,3.5,RSTR5,,1.029166667,WM,1712449.32
33698,26_23,1/25/2023,13:16,Gate 1,47934,n,run,non-intensive,0.3,1,Y,6408.00,CLR,,10.4,1.79,99,RSTR5,,0.959027778,EM,1133927.92
33699,26_23,1/25/2023,12:36,Gate 5,97901,n,run,non-intensive,1.8,1,Y,6408.00,CLR,,9.69,2.98,3,RSTR5,,0.871527778,MC,1717818.46
33700,26_23,1/25/2023,9:19,Gate 6,71543,n,run,non-intensive,3.4,1,Y,6408.00,CLR,,9.91,3.48,4.7,RSTR8,,1.009027778,MC,7460650.68
33701,26_23,1/25/2023,10:39,Gate 7,95270,n,run,non-intensive,1.2,1,Y,6408.00,CLR,,10.7,3.51,3.2,RSTR5,,1.005555556,MC,2339008.31
33707,27_23,1/26/2023,11:24,Gate 8,85723,n,run,non-intensive,0.3,1,Y,5983.00,CLR,,13.9,2.87,4.2,RSTR5,,0.958333333,WM,1817744.37
33706,27_23,1/26/2023,10:47,Gate 7,7467,n,run,non-intensive,0.6,1,Y,5983.00,CLR,,12.1,3.39,3,RSTR5,,0.9625,MC,2156930.59
33705,27_23,1/26/2023,9:32,Gate 6,79316,n,run,non-intensive,3.3,1,Y,5983.00,CLR,,14.1,3.61,4.6,RSTR8,,0.977777778,MC,7511942.59
33703,27_23,1/26/2023,12:17,Gate 1,51658,n,run,non-intensive,0.7,1,Y,5983.00,CLR,,14.6,1.60,99,RSTR5,,0.945138889,EM,1002708.73
33704,27_23,1/26/2023,9:31,Gate 5,8744,n,run,non-intensive,1.1,1,Y,5983.00,CLR,,13,3.45,3.2,RSTR5,,0.979861111,MC,2236589.27
33708,28.0_23,1/27/2023,10:58,Gate 1,,n,run,non-intensive,,1,Y,5718.00,CLR,,,,,RSTR5,,0.543055556,EM,
33710,28.0_23,1/27/2023,9:00,Gate 6,,n,run,non-intensive,,1,Y,5718.00,CLR,,,,,RSTR8,,0.625,MC,
33709,28.0_23,1/27/2023,9:02,Gate 5,,n,run,non-intensive,,1,Y,5718.00,CLR,,,,,RSTR5,,0.623611111,MC,
33711,28.0_23,1/27/2023,9:53,Gate 7,,n,run,non-intensive,,1,Y,5718.00,CLR,,,,,RSTR5,,0.588194444,MC,
33712,28.0_23,1/27/2023,10:24,Gate 8,,n,run,non-intensive,,1,Y,5718.00,CLR,,,,,RSTR5,,0.566666667,WM,
33717,30_23,1/29/2023,12:11,Gate 8,90755,n,run,intensive (Storm/Mort),0.1,1,Y,5465.00,CLD,,11.5,2.83,4.4,RSTR5,D3,0.255,WM,201422.71
33716,30_23,1/29/2023,12:16,Gate 7,16128,n,run,intensive (Storm/Mort),0.01,1,Y,5465.00,CLR,,8.52,3.45,3.25,RSTR5,D3,0.25,MC,241278.24
33715,30_23,1/29/2023,12:19,Gate 5,16255,n,run,intensive (Storm/Mort),0.1,1,Y,5465.00,CLD,,10.9,3.20,3.1,RSTR5,D3,0.25,MC,223627.25
33714,30_23,1/29/2023,12:21,Gate 6,84895,n,run,intensive (Storm/Mort),0.5,1,Y,5465.00,CLR,,8.81,3.54,4.6,RSTR8,D3,0.264,MC,835289.35
33713,30_23,1/29/2023,12:23,Gate 1,54580,n,run,intensive (Storm/Mort),0.1,1,Y,5465.00,CLR,,10.7,1.80,99,RSTR5,D3,0.26,EM,130515.10
33726,31_23,1/30/2023,7:06,Gate 6,86720,n,run,intensive (Storm/Mort),0.4,1,Y,5295.00,CLR,,11,3.25,4.75,RSTR8,D1,0.242,MC,705159.00
33721,30_23,1/30/2023,3:58,Gate 6,85958,n,run,intensive (Storm/Mort),0.8,1,Y,5465.00,CLR,,8.81,3.09,4.6,RSTR8,N4,0.226,MC,858678.61
33723,30_23,1/30/2023,3:46,Gate 1,55121,n,run,intensive (Storm/Mort),0.2,1,Y,5465.00,CLR,,7.96,1.74,99,RSTR5,N4,0.222,EM,148150.72
33727,31_23,1/30/2023,7:13,Gate 7,18911,n,run,intensive (Storm/Mort),0.1,1,Y,5295.00,CLR,,10,3.59,2.8,RSTR5,D1,0.265,MC,285859.32
33725,31_23,1/30/2023,7:00,Gate 5,19041,n,run,intensive (Storm/Mort),0.3,1,Y,5295.00,CLR,,10.5,3.56,3.4,RSTR5,D1,0.331,MC,354645.78
33724,31_23,1/30/2023,6:51,Gate 1,55835,n,run,intensive (Storm/Mort),0.1,1,Y,5295.00,CLR,,10.1,1.80,99,RSTR5,D1,0.407,EM,220041.46
33722,30_23,1/30/2023,3:53,Gate 5,17596,n,run,intensive (Storm/Mort),0.1,1,Y,5465.00,CLR,,12.7,3.29,3,RSTR5,N4,0.224,MC,304496.50
33720,30_23,1/30/2023,4:04,Gate 7,17717,n,run,intensive (Storm/Mort),0.1,1,Y,5465.00,CLR,,8.52,3.24,3,RSTR5,N4,0.227,MC,281667.69
33719,30_23,1/30/2023,4:07,Gate 8,92203,n,run,intensive (Storm/Mort),0.1,1,Y,5465.00,CLR,,8.84,2.85,4.2,RSTR5,N4,0.23,WM,251842.42
33728,31_23,1/30/2023,7:19,Gate 8,93504,n,run,intensive (Storm/Mort),0.1,1,Y,5295.00,CLR,,17.9,2.85,4.5,RSTR5,D1,0.282,WM,223955.54
33743,32_23,1/31/2023,17:24,Gate 8,530,n,run,intensive (Storm/Mort),0.1,0.5,Y,5170.00,CLR,,7.87,2.93,4.8,RSTR5,N1,0.247,WM,276285.71
33738,32_23,1/31/2023,17:36,Gate 1,57803,n,run,intensive (Storm/Mort),0.1,1,Y,5170.00,CLR,,10.5,1.80,99,RSTR5,N1,0.273,EM,187270.91
33735,31_23,1/31/2023,3:56,Gate 6,88232,n,run,intensive (Storm/Mort),0.1,0.5,Y,5295.00,CLR,,9.01,3.03,4.5,RSTR8,N4,0.238,MC,884797.70
33734,31_23,1/31/2023,3:51,Gate 5,20719,n,run,intensive (Storm/Mort),0.1,1,Y,5295.00,CLR,,8.69,3.06,3,RSTR5,N4,0.237,MC,277021.82
33739,32_23,1/31/2023,17:31,Gate 5,24851,n,run,intensive (Storm/Mort),0.1,0.5,Y,5170.00,CLR,,9.34,3.03,3.2,RSTR5,N1,0.27,MC,311982.61
33729,31_23,1/31/2023,3:45,Gate 1,56353,n,run,intensive (Storm/Mort),0.1,1,Y,5295.00,CLR,,8.43,1.64,99,RSTR5,N4,0.233,EM,146412.09
33737,31_23,1/31/2023,4:06,Gate 8,95725,n,run,intensive (Storm/Mort),0.1,1,Y,5295.00,CLR,,11.8,2.80,4,RSTR5,N4,0.241,WM,257561.81
33740,32_23,1/31/2023,17:28,Gate 6,91275,n,run,intensive (Storm/Mort),0.1,0.5,Y,5170.00,CLR,,7.94,3.24,4.6,RSTR8,N1,0.254,MC,1009541.52
33742,32_23,1/31/2023,17:26,Gate 7,25536,n,run,intensive (Storm/Mort),0.1,0.5,Y,5170.00,CLR,,8.43,2.97,3.6,RSTR5,N1,0.252,MC,284874.24
33744,32_23,1/31/2023,9:49,Gate 1,57155,n,run,intensive (Storm/Mort),0.1,1,Y,5170.00,CLR,,8.89,1.79,99,RSTR5,D2,0.249,EM,124966.10
33745,32_23,1/31/2023,9:44,Gate 5,22786,n,run,intensive (Storm/Mort),0.1,1,Y,5170.00,CLR,,8.23,3.12,3.1,RSTR5,D2,0.254,MC,222057.90
33746,32_23,1/31/2023,9:42,Gate 6,89753,n,run,intensive (Storm/Mort),0.1,0.5,Y,5170.00,CLR,,7.56,3.59,4.5,RSTR8,D2,0.249,MC,804737.76
33747,32_23,1/31/2023,9:43,Gate 7,23468,n,run,intensive (Storm/Mort),0.1,0.5,Y,5170.00,CLR,,7.6,3.46,3.9,RSTR5,D2,0.249,MC,241814.08
33750,32_23,1/31/2023,9:46,Gate 8,97838,n,run,intensive (Storm/Mort),0.1,1,Y,5170.00,CLR,,7.9,3.20,4.3,RSTR5,D2,0.231,WM,207078.41
33736,31_23,1/31/2023,4:01,Gate 7,21182,n,run,intensive (Storm/Mort),0.1,0.5,Y,5295.00,CLR,,8.56,3.18,3,RSTR5,N4,0.232,MC,288957.47
33751,33_23,2/1/2023,14:48,Gate 6,92363,n,run,intensive (Storm/Mort),0.1,0.5,Y,5107.00,CLD,,9.17,3.41,4.5,RSTR8,D4,0.238,MC,735568.66
33749,33_23,2/1/2023,14:51,Gate 5,26082,n,run,intensive (Storm/Mort),0.1,0.5,Y,5107.00,CLD,,8.37,3.05,3.25,RSTR5,D4,0.258,MC,221227.93
33748,33_23,2/1/2023,14:55,Gate 1,58236,n,run,intensive (Storm/Mort),0.1,1,Y,5107.00,CLD,,9.07,1.80,99,RSTR5,D4,0.261,EM,132274.39
33753,33_23,2/1/2023,14:41,Gate 8,3084,n,run,intensive (Storm/Mort),0.1,0.5,Y,5107.00,CLR,,9.7,2.97,4.5,RSTR5,D4,0.266,WM,222131.09
33752,33_23,2/1/2023,14:45,Gate 7,27579,n,run,intensive (Storm/Mort),0.1,0.5,Y,5107.00,CLR,,9.34,3.22,3.75,RSTR5,D4,0.253,MC,229105.65
33763,34_23,2/2/2023,8:06,Gate 5,39258,n,run,non-intensive,0.8,1,Y,5028.00,CLD,,6.51,3.27,3.3,RSTR5,,1.220833333,MC,2638607.96
33766,34_23,2/2/2023,8:40,Gate 7,41253,n,run,non-intensive,0.7,1,Y,5028.00,RAN,,6.22,2.79,3.8,RSTR5,,1.076388889,MC,1990561.63
33756,33_23,2/2/2023,4:07,Gate 5,27504,n,run,intensive (Storm/Mort),0.2,0.5,Y,5107.00,CLR,,7.56,3.14,3.6,RSTR5,N4,0.232,MC,298766.16
33764,34_23,2/2/2023,8:18,Gate 6,936,n,run,non-intensive,2.6,1,Y,5028.00,RAN,,6.03,3.20,4.5,RSTR8,,1.024305556,MC,7175376.29
33762,34_23,2/2/2023,6:59,Gate 1,63427,n,run,non-intensive,0.4,1,Y,5028.00,CLD,,7.26,1.67,99,RSTR5,,1.301388889,EM,1551622.97
33760,33_23,2/2/2023,3:57,Gate 8,5153,n,run,intensive (Storm/Mort),0.1,0.5,Y,5107.00,CLR,,9.61,3.05,5,RSTR5,N4,0.229,WM,265119.18
33767,34_23,2/2/2023,7:52,Gate 8,19177,n,run,non-intensive,1.8,1,Y,5028.00,CLD,,7.77,3.09,5,RSTR5,,1.175,WM,2402545.82
33759,33_23,2/2/2023,4:00,Gate 7,29401,n,run,intensive (Storm/Mort),0.1,0.5,Y,5107.00,CLR,,8.47,3.23,3.9,RSTR5,N4,0.23,MC,304020.54
33757,33_23,2/2/2023,4:04,Gate 6,93550,n,run,intensive (Storm/Mort),0.1,0.5,Y,5107.00,CLR,,7.91,3.07,4.6,RSTR8,N4,0.23,MC,861479.17
33755,33_23,2/2/2023,4:10,Gate 1,58676,n,run,intensive (Storm/Mort),0.1,1,Y,5107.00,CLR,,7.66,1.72,99,RSTR5,N4,0.204,EM,133730.32
33768,35_23,2/3/2023,12:04,Gate 8,30942,n,run,non-intensive,0.5,1,Y,5073.00,CLD,,6.94,2.82,4.3,RSTR5,,0.993055556,WM,1853948.79
33761,35_23,2/3/2023,8:53,Gate 6,8495,n,run,non-intensive,3.3,1,Y,5073.00,CLD,,8.32,2.89,4.5,RSTR8,,1.05625,MC,6663637.21
33758,35_23,2/3/2023,13:24,Gate 5,48659,n,run,non-intensive,1,1,Y,5073.00,CLD,,7.93,3.09,3.4,RSTR5,,0.978472222,MC,2002468.12
33765,35_23,2/3/2023,10:30,Gate 7,52554,n,run,non-intensive,0.5,1,Y,5073.00,CLD,,7.61,3.09,3.5,RSTR5,,1.050694444,MC,2146912.13
33754,35_23,2/3/2023,14:13,Gate 1,66566,n,run,non-intensive,0.1,1,Y,5073.00,CLD,,7.28,1.71,99,RSTR5,,0.939583333,EM,1062509.19
33772,36_23,2/4/2023,11:43,Gate 7,61846,n,run,non-intensive,1.1,1,Y,5256.00,CLD,,7.53,3.06,3.1,RSTR5,,0.858333333,MC,1739213.59
33769,36_23,2/4/2023,12:46,Gate 1,69756,n,run,non-intensive,0.3,1,Y,5256.00,CLD,,8.41,1.81,99,RSTR5,,0.872916667,EM,1042833.04
33770,36_23,2/4/2023,12:53,Gate 5,56648,n,run,non-intensive,1,1,Y,5256.00,CLD,,7.72,3.15,3.3,RSTR5,,0.861805556,MC,1799459.08
33771,36_23,2/4/2023,10:14,Gate 6,15089,n,run,non-intensive,3.5,1,Y,5256.00,CLD,,6.91,2.96,4.6,RSTR8,,0.920138889,MC,5784871.70
33773,36_23,2/4/2023,11:54,Gate 8,41461,n,run,non-intensive,0.3,1,Y,5256.00,CLD,,7.98,2.86,4.6,RSTR5,,0.880555556,WM,1665065.14
33775,37_23,2/5/2023,9:34,Gate 5,67154,n,run,non-intensive,2.2,1,Y,7052.00,CLR,,22.1,3.22,3.5,RSTR5,,1.093055556,MC,2331178.08
33774,37_23,2/5/2023,9:43,Gate 1,77774,n,run,non-intensive,2,1,Y,7052.00,CLR,,25.1,2.35,99,RSTR5,,1.115277778,EM,1735676.20
33778,37_23,2/5/2023,9:02,Gate 8,55163,n,run,non-intensive,2.1,1,Y,7052.00,CLR,,24.3,2.97,4.3,RSTR5,,1.061111111,WM,2246347.77
33777,37_23,2/5/2023,8:19,Gate 7,75161,n,run,non-intensive,2,1,Y,7052.00,CLR,,24.8,2.95,4,RSTR5,,1.057638889,MC,2227322.20
33776,37_23,2/5/2023,8:19,Gate 6,23192,n,run,non-intensive,6.2,1,Y,7052.00,CLR,,26.1,3.11,4.7,RSTR8,,1.011805556,MC,6875638.91
33783,38_23,2/6/2023,9:42,Gate 7,86674,n,run,non-intensive,0.7,1,Y,6102.00,CLR,,13.5,3.36,3.6,RSTR5,,0.945833333,MC,2103669.18
33784,38_23,2/6/2023,10:30,Gate 8,66964,n,run,non-intensive,0.6,1,Y,6102.00,CLD,,16.5,3.21,4.7,RSTR5,,0.945138889,WM,2008014.18
33779,38_23,2/6/2023,12:29,Gate 1,82654,n,run,non-intensive,0.7,1,Y,6102.00,CLR,,13.3,1.87,99,RSTR5,,0.913194444,EM,1129846.38
33782,38_23,2/6/2023,8:36,Gate 6,29602,n,run,non-intensive,3.7,1,Y,6102.00,CLD,,14.6,3.05,4.5,RSTR8,,1.007638889,MC,6536218.26
33780,38_23,2/6/2023,11:48,Gate 5,77242,n,run,non-intensive,2,1,Y,6102.00,CLD,,13.5,3.29,3.3,RSTR5,,0.943055556,MC,2056402.51
33790,39_23,2/7/2023,10:24,Gate 1,86038,n,run,non-intensive,0.4,1,Y,5550.00,CLR,,7.45,1.70,99,RSTR5,,0.929861111,EM,1046443.90
33792,39_23,2/7/2023,8:47,Gate 6,37118,n,run,non-intensive,3.6,1,Y,5550.00,CLR,,8.03,3.23,4.5,RSTR8,,1.004861111,MC,7098772.13
33793,39_23,2/7/2023,8:24,Gate 7,98508,n,run,non-intensive,0.7,1,Y,5550.00,CLR,,7.64,3.12,3.5,RSTR5,,1.031944444,MC,2132675.84
33794,39_23,2/7/2023,9:11,Gate 8,79483,n,run,non-intensive,0.4,1,Y,5550.00,CLR,,9.25,2.84,4.5,RSTR5,,1.031944444,WM,1942382.62
33791,39_23,2/7/2023,10:26,Gate 5,87477,n,run,non-intensive,1.8,1,Y,5550.00,CLR,,7.99,2.96,3.4,RSTR5,,1.009722222,MC,1977153.85
33785,40_23,2/8/2023,8:43,Gate 1,90675,n,run,non-intensive,0.1,1,Y,5296.00,CLR,,7.48,1.68,99,RSTR5,,1.063194444,EM,1091095.72
33786,40_23,2/8/2023,10:40,Gate 5,97184,n,run,non-intensive,1.3,1,Y,5296.00,CLR,,6.12,3.18,3.3,RSTR5,,0.983333333,MC,2071891.81
33787,40_23,2/8/2023,8:54,Gate 6,44632,n,run,non-intensive,2.8,1,Y,5296.00,CLR,,7.06,2.71,4.3,RSTR8,,1.002777778,MC,5774899.73
33789,40_23,2/8/2023,9:57,Gate 8,10944,n,run,non-intensive,0.4,1,Y,5296.00,CLR,,7.23,2.95,4.4,RSTR5,,0.970138889,WM,1895200.41
33788,40_23,2/8/2023,9:10,Gate 7,9324,n,run,non-intensive,0.5,1,Y,5296.00,CLR,,6.47,3.40,3.55,RSTR5,,0.977777778,MC,2196999.16
33797,41_23,2/9/2023,8:58,Gate 6,51799,n,run,non-intensive,2.9,1,Y,5163.00,CLD,,5.23,3.04,4.6,RSTR8,,0.983333333,MC,6349136.11
33795,41_23,2/9/2023,10:14,Gate 1,94541,n,run,non-intensive,0.1,1,Y,5163.00,CLD,,5.89,1.92,99,RSTR5,,1.040277778,EM,1321212.63
33796,41_23,2/9/2023,10:16,Gate 5,6276,n,run,non-intensive,1.1,1,Y,5163.00,CLD,,5.09,3.11,3,RSTR5,,1.010416667,MC,2238249.23
33798,41_23,2/9/2023,8:38,Gate 7,20408,n,run,non-intensive,0.4,1,Y,5163.00,CLD,,5.78,3.10,3.5,RSTR5,,1.030555556,MC,2114598.33
33799,41_23,2/9/2023,9:14,Gate 8,2696,n,run,non-intensive,0.5,1,Y,5163.00,CLD,,5.63,2.97,4.4,RSTR5,,1.026388889,WM,2020694.89
33801,42_23,2/10/2023,10:31,Gate 5,15811,n,run,non-intensive,0.9,1,Y,5058.00,CLD,,5.23,3.21,3.1,RSTR5,,1.009722222,MC,2143543.92
33800,42_23,2/10/2023,11:12,Gate 1,99084,n,run,non-intensive,0.2,1,Y,5058.00,CLR,,5.94,1.99,99,RSTR5,,1.006944444,EM,1325620.45
33802,42_23,2/10/2023,8:34,Gate 6,58872,n,run,non-intensive,2.8,1,Y,5058.00,CLR,,5.08,2.88,4.55,RSTR8,,0.990277778,MC,6067942.37
33803,42_23,2/10/2023,9:22,Gate 7,30975,n,run,non-intensive,0.4,1,Y,5058.00,CLD,,4.83,2.98,3.7,RSTR5,,0.988194444,MC,1945682.13
33804,42_23,2/10/2023,9:52,Gate 8,14487,n,run,non-intensive,0.4,1,Y,5058.00,CLD,,4.99,2.83,4.35,RSTR5,,0.999305556,WM,1871395.89
33811,43_23,2/11/2023,9:05,Gate 7,42000,n,run,non-intensive,0.5,1,Y,5046.00,CLR,,5,3.13,3.5,RSTR5,,1.024305556,MC,2284791.01
33809,43_23,2/11/2023,10:45,Gate 5,25381,n,run,non-intensive,0.9,1,Y,5046.00,CLR,,6.55,3.07,3,RSTR5,,1.007638889,MC,2203890.66
33810,43_23,2/11/2023,8:20,Gate 6,66246,n,run,non-intensive,1.7,1,Y,5046.00,CLR,,6.57,2.81,4.4,RSTR8,,1.021527778,MC,6107211.30
33812,43_23,2/11/2023,9:51,Gate 8,11708,n,run,non-intensive,0.2,1,Y,5046.00,CLR,,6.32,3.08,4.3,RSTR5,,1.021527778,WM,2081781.29
33805,43_23,2/11/2023,11:22,Gate 1,3784,n,run,non-intensive,0.3,1,Y,5046.00,CLR,,5.66,1.91,99,RSTR5,,1.014583333,EM,1282305.04
33817,44_23,2/12/2023,8:51,Gate 6,73298,n,run,non-intensive,1.3,1,Y,4961.00,CLR,,4.57,2.70,4.5,RSTR8,,0.984722222,MC,5816034.24
33819,44_23,2/12/2023,10:22,Gate 8,23043,n,run,non-intensive,0.4,1,Y,4961.00,CLR,,4.08,2.76,4.5,RSTR5,,0.969444444,WM,1773991.85
33818,44_23,2/12/2023,9:40,Gate 7,52382,n,run,non-intensive,0.4,1,Y,4961.00,CLR,,5.19,3.02,3.5,RSTR5,,0.975694444,MC,2097436.69
33814,44_23,2/12/2023,11:43,Gate 1,8292,n,run,non-intensive,0.1,1,Y,4961.00,CLR,,4.84,2.08,99,RSTR5,,0.963194444,EM,1328459.60
33816,44_23,2/12/2023,10:56,Gate 5,34505,n,run,non-intensive,0.8,1,Y,4961.00,CLR,,4.47,3.11,3,RSTR5,,0.970138889,MC,1999084.30
33822,45_23,2/13/2023,8:29,Gate 6,80324,n,run,non-intensive,2.8,1,Y,4852.00,CLD,,6.17,2.68,4.5,RSTR8,,1.000694444,MC,5692351.84
33824,45_23,2/13/2023,9:38,Gate 8,34278,n,run,non-intensive,0.4,1,Y,4852.00,CLD,,5.69,2.89,4.5,RSTR5,,1.004861111,WM,2071924.82
33823,45_23,2/13/2023,9:05,Gate 7,62961,n,run,non-intensive,0.5,1,Y,4852.00,CLD,,5.31,3.21,3.7,RSTR5,,1.006944444,MC,2304246.66
33820,45_23,2/13/2023,10:50,Gate 1,13019,n,run,non-intensive,0.3,1,Y,4852.00,CLR,,6.81,1.89,99,RSTR5,,1.002777778,EM,1257485.91
33821,45_23,2/13/2023,10:13,Gate 5,43803,n,run,non-intensive,1.1,1,Y,4852.00,CLD,,4.77,3.10,3.2,RSTR5,,1.005555556,MC,2064270.28
33830,46_23,2/14/2023,10:54,Gate 1,17837,n,run,non-intensive,0.2,1,Y,4784.00,CLR,,3.89,1.86,99,RSTR5,,1.064583333,EM,1408384.57
33834,46_23,2/14/2023,9:45,Gate 8,46515,n,run,non-intensive,0.5,1,Y,4784.00,CLR,,4.09,2.91,4,RSTR5,,1.076388889,WM,2071182.06
33833,46_23,2/14/2023,9:15,Gate 7,73960,n,run,non-intensive,1.2,1,Y,4784.00,CLR,,3.38,3.21,3.2,RSTR5,,1.061805556,MC,2258699.68
33831,46_23,2/14/2023,10:21,Gate 5,52720,n,run,non-intensive,0.3,1,Y,4784.00,CLR,,4.09,3.14,3,RSTR5,,0.995833333,MC,2070656.68
33832,46_23,2/14/2023,8:30,Gate 6,87463,n,run,non-intensive,1.9,1,Y,4784.00,CLR,,3.44,2.62,4.25,RSTR8,,1.036111111,MC,5778143.64
33829,47_23,2/15/2023,11:35,Gate 8,56716,n,run,non-intensive,0.2,1,Y,4722.00,CLR,,5.85,2.72,4,RSTR5,,0.899305556,WM,1621722.15
33827,47_23,2/15/2023,9:22,Gate 6,94023,n,run,non-intensive,2,1,Y,4722.00,CLR,,5.37,2.89,4.4,RSTR8,,0.959027778,MC,6059937.20
33825,47_23,2/15/2023,12:27,Gate 1,21737,n,run,non-intensive,0.2,1,Y,4722.00,CLR,,7.5,1.87,99,RSTR5,,0.871527778,EM,1080513.07
33828,47_23,2/15/2023,10:44,Gate 7,83221,n,run,non-intensive,0.3,1,Y,4722.00,CLR,,5.62,3.01,3.5,RSTR5,,0.901388889,MC,1797583.87
33826,47_23,2/15/2023,10:25,Gate 5,61039,n,run,non-intensive,0.7,1,Y,4722.00,CLR,,4.16,3.05,3,RSTR5,,0.929861111,MC,1879291.19
33837,48_23,2/16/2023,8:23,Gate 6,991,n,run,non-intensive,1.9,1,Y,4667.00,CLR,,4.29,2.85,4.3,RSTR8,,1.025694444,MC,6215255.21
33839,48_23,2/16/2023,9:10,Gate 8,68898,n,run,non-intensive,0.3,1,Y,4667.00,CLR,,3.84,2.73,4,RSTR5,,1.079166667,WM,2101616.23
33835,48_23,2/16/2023,9:22,Gate 1,26583,n,run,non-intensive,0.2,1,Y,4667.00,CLR,,4.41,1.96,99,RSTR5,,1.095138889,EM,1422280.76
33836,48_23,2/16/2023,8:44,Gate 5,73009,n,run,non-intensive,0.4,1,Y,4667.00,CLR,,4.58,3.16,3.2,RSTR5,,1.015277778,MC,2126554.53
33838,48_23,2/16/2023,8:22,Gate 7,93848,n,run,non-intensive,0.4,1,Y,4667.00,CLR,,5.02,2.75,3.6,RSTR5,,1.044444444,MC,1904217.78
33843,49_23,2/17/2023,9:26,Gate 7,3972,n,run,non-intensive,0.2,1,Y,4634.00,CLR,,3.17,3.12,3.7,RSTR5,,0.998611111,MC,2064308.61
33842,49_23,2/17/2023,9:00,Gate 6,7631,n,run,non-intensive,1.8,1,Y,4634.00,CLR,,3.51,2.92,4.4,RSTR8,,0.990277778,MC,6135860.54
33841,49_23,2/17/2023,9:06,Gate 5,79413,n,run,non-intensive,0.9,1,Y,4634.00,CLR,,3.65,2.97,3,RSTR5,,1.054861111,MC,2072667.83
33844,49_23,2/17/2023,11:04,Gate 8,79403,n,run,non-intensive,0.3,1,Y,4634.00,CLR,,3.47,2.83,4.4,RSTR5,,0.934027778,WM,1750522.39
33840,49_23,2/17/2023,11:39,Gate 1,30847,n,run,non-intensive,0.1,1,Y,4634.00,CLR,,3.23,1.87,99,RSTR5,,0.94375,EM,1166625.69
33849,50_23,2/18/2023,9:29,Gate 8,90923,n,run,non-intensive,0.3,1,Y,4596.00,CLR,,3.14,2.71,4.5,RSTR5,,1.009722222,WM,1952267.63
33845,50_23,2/18/2023,10:18,Gate 1,35422,n,run,non-intensive,0.1,1,Y,4596.00,CLR,,3.19,1.87,99,RSTR5,,1.020138889,EM,1261898.57
33846,50_23,2/18/2023,10:25,Gate 5,87884,n,run,non-intensive,1,1,Y,4596.00,CLR,,3.14,3.17,3.1,RSTR5,,0.989583333,MC,2077193.29
33847,50_23,2/18/2023,8:46,Gate 6,14125,n,run,non-intensive,1.9,1,Y,4596.00,CLR,,3.26,3.09,4.3,RSTR8,,0.988194444,MC,6486837.28
33848,50_23,2/18/2023,9:24,Gate 7,13853,n,run,non-intensive,0.2,1,Y,4596.00,CLR,,3.29,3.25,3.4,RSTR5,,0.988888889,MC,2127246.96
33854,51_23,2/19/2023,9:43,Gate 8,2436,n,run,non-intensive,0.5,1,Y,4550.00,CLR,,3.83,2.79,4.1,RSTR5,,1.01875,WM,1879817.04
33852,51_23,2/19/2023,8:29,Gate 6,20905,n,run,non-intensive,2,1,Y,4550.00,CLD,,4.22,3.20,4.2,RSTR8,,1.022916667,MC,6965800.87
33850,51_23,2/19/2023,10:47,Gate 1,39857,n,run,non-intensive,0.2,1,Y,4550.00,CLR,,3.8,1.93,99,RSTR5,,1.0125,EM,1290712.94
33853,51_23,2/19/2023,9:08,Gate 7,24034,n,run,non-intensive,0.5,1,Y,4550.00,CLR,,3.61,2.74,3.5,RSTR5,,1.021527778,MC,1853624.59
33851,51_23,2/19/2023,10:10,Gate 5,96652,n,run,non-intensive,1,1,Y,4550.00,CLR,,4.33,3.00,3,RSTR5,,1.020833333,MC,2023513.32
33857,52_23,2/20/2023,9:02,Gate 6,27302,n,run,non-intensive,2,1,Y,4523.00,CLD,,3.95,2.84,4.3,RSTR8,,0.975,MC,5895301.18
33856,52_23,2/20/2023,10:40,Gate 5,4905,n,run,non-intensive,1,1,Y,4523.00,CLD,,4.63,3.07,2.7,RSTR5,,0.971527778,MC,1976816.45
33858,52_23,2/20/2023,9:39,Gate 7,33661,n,run,non-intensive,0.4,1,Y,4523.00,CLR,,4.67,3.14,3.2,RSTR5,,0.973611111,MC,2025972.72
33859,52_23,2/20/2023,10:10,Gate 8,13331,n,run,non-intensive,0.5,1,Y,4523.00,CLD,,4.19,2.65,4.4,RSTR5,,0.970833333,WM,1702546.26
33855,52_23,2/20/2023,11:05,Gate 1,44009,n,run,non-intensive,0.2,1,Y,4523.00,CLR,,4.77,2.09,99,RSTR5,,0.981944444,EM,1258876.46
33861,53_23,2/21/2023,9:59,Gate 5,13326,n,run,non-intensive,1,1,Y,4351.00,CLR,,3.6,2.89,3,RSTR5,,0.9875,MC,1887980.07
33860,53_23,2/21/2023,10:39,Gate 1,48152,n,run,non-intensive,0.6,1,Y,4351.00,CLR,,4.71,1.85,99,RSTR5,,0.968055556,EM,1187765.11
33862,53_23,2/21/2023,8:26,Gate 6,34013,n,run,non-intensive,2,1,Y,4351.00,CLR,,3.89,3.15,4.2,RSTR8,,1.021527778,MC,6847418.34
33863,53_23,2/21/2023,9:01,Gate 7,43193,n,run,non-intensive,0.3,1,Y,4351.00,CLR,,4.5,3.07,3.4,RSTR5,,0.9875,MC,2003542.90
33864,53_23,2/21/2023,9:28,Gate 8,23369,n,run,non-intensive,0.3,1,Y,4351.00,CLR,,4.52,2.59,4.3,RSTR5,,0.992361111,WM,1700838.60
33865,54_23,2/22/2023,9:53,Gate 1,52296,n,run,non-intensive,0.2,1,Y,4400.00,CLR,,4.62,1.69,99,RSTR5,,1.025694444,EM,1144752.88
33866,54_23,2/22/2023,9:41,Gate 5,21386,n,run,non-intensive,1,1,Y,4400.00,CLR,,4.26,2.39,2.5,RSTR5,,1.011805556,MC,1597437.16
33867,54_23,2/22/2023,8:57,Gate 6,40209,n,run,non-intensive,2,1,Y,4400.00,CLR,,4.93,3.14,4.2,RSTR8,,0.982638889,MC,6561901.26
33869,54_23,2/22/2023,9:17,Gate 8,33988,n,run,non-intensive,0.7,1,Y,4400.00,CLR,,4.31,2.81,4,RSTR5,,0.985416667,WM,1834474.64
33868,54_23,2/22/2023,8:43,Gate 7,52704,n,run,non-intensive,0.5,1,Y,4400.00,CLR,,4.65,2.95,3.5,RSTR5,,0.986111111,MC,1923864.36
33874,55_23,2/23/2023,8:56,Gate 8,45890,n,run,non-intensive,1.5,1,Y,4424.00,RAN,,3.73,2.72,4.6,RSTR5,,1.09375,WM,1968986.72
33873,55_23,2/23/2023,8:23,Gate 7,63738,n,run,non-intensive,0.5,1,Y,4424.00,RAN,,5.79,2.50,3.6,RSTR5,,1.133333333,MC,1877480.71
33871,55_23,2/23/2023,9:58,Gate 5,29163,n,run,non-intensive,1,1,Y,4424.00,RAN,,3.75,3.02,3,RSTR5,,1.084722222,MC,2167545.39
33872,55_23,2/23/2023,8:32,Gate 6,47237,n,run,non-intensive,3,1,Y,4424.00,RAN,,4.04,2.86,4.4,RSTR8,,1.111805556,MC,6755148.13
33870,55_23,2/23/2023,10:30,Gate 1,56499,n,run,non-intensive,0.3,1,Y,4424.00,RAN,,5.01,1.99,99,RSTR5,,1.073611111,EM,1417326.65
33878,56_23,2/24/2023,11:35,Gate 7,74768,n,run,non-intensive,0.7,1,Y,5145.00,CLD,,7.01,3.27,3.75,RSTR5,,0.98125,MC,2286748.05
33876,56_23,2/24/2023,12:00,Gate 5,39097,n,run,non-intensive,1.5,1,Y,5145.00,CLD,,7.94,3.07,3.2,RSTR5,,1.00625,MC,2043337.38
33875,56_23,2/24/2023,12:16,Gate 1,61621,n,run,non-intensive,0.5,1,Y,5145.00,CLD,,6.98,2.06,99,RSTR5,,1.014583333,EM,1380721.70
33879,56_23,2/24/2023,11:11,Gate 8,58603,n,run,non-intensive,1.7,1,Y,5145.00,CLD,,7.67,2.97,4.5,RSTR5,,1.019444444,WM,2001191.00
33877,56_23,2/24/2023,11:13,Gate 6,54532,n,run,non-intensive,3.2,1,Y,5145.00,CLD,,8.22,2.95,4.5,RSTR8,,0.9625,MC,6039746.05
33881,57_23,2/25/2023,12:09,Gate 5,49347,n,run,non-intensive,3,1,Y,6123.00,CLD,,8.47,3.17,3.5,RSTR5,,0.928472222,MC,2095137.86
33884,57_23,2/25/2023,11:39,Gate 8,69800,n,run,non-intensive,2.7,1,Y,6123.00,CLD,,9.72,3.13,4.6,RSTR5,,0.928472222,WM,2073580.94
33882,57_23,2/25/2023,10:19,Gate 6,57482,nr,run,non-intensive,4.8,1,Y,6123.00,CLD,,7.5,3.58,5.3,RSTR8,,0.926388889,MC,7256239.09
33880,57_23,2/25/2023,12:37,Gate 1,62811,n,run,non-intensive,1.6,1,Y,6123.00,RAN,,11.1,2.15,99,RSTR5,,0.940277778,EM,1338672.29
33883,57_23,2/25/2023,11:08,Gate 7,86250,n,run,non-intensive,2.7,1,Y,6123.00,CLD,,8.79,3.43,4,RSTR5,,0.929166667,MC,2111694.00
33885,59_23,2/27/2023,21:16,Gate 1,72570,n,run,intensive (Storm/Mort),1,1,Y,11897.00,CLD,,37.3,2.06,99,RSTR5,N2,0.267,EM,192845.40
33886,59_23,2/27/2023,21:12,Gate 5,57774,n,run,intensive (Storm/Mort),3,1,Y,11897.00,CLR,,41.3,3.87,4.9,RSTR5,N2,0.25,MC,365570.06
33887,59_23,2/27/2023,20:58,Gate 6,63861,n,run,intensive (Storm/Mort),4.3,1,Y,11897.00,CLD,,39.1,4.17,6,RSTR8,N2,0.241,MC,1251639.72
33888,59_23,2/27/2023,21:00,Gate 7,96077,n,run,intensive (Storm/Mort),0.8,1,Y,11897.00,CLR,,44.2,3.29,4.9,RSTR5,N2,0.235,MC,291241.88
33899,59_23,2/27/2023,9:00,Gate 8,75666,n,run,intensive (Storm/Mort),1.2,1,Y,11897.00,RAN,,90.4,3.50,5,RSTR5,D2,0.304,WM,355162.50
33895,59_23,2/27/2023,8:47,Gate 1,71589,n,run,intensive (Storm/Mort),1.5,1,Y,11897.00,RAN,,87.2,2.02,99,RSTR5,D2,0.291,EM,182340.17
33896,59_23,2/27/2023,8:50,Gate 5,55550,n,run,intensive (Storm/Mort),1.2,1,Y,11897.00,RAN,,55.4,3.66,4.4,RSTR5,D2,0.285,MC,373167.45
33897,59_23,2/27/2023,9:31,Gate 6,62174,n,run,intensive (Storm/Mort),4,1,Y,11897.00,RAN,,72.9,4.58,6,RSTR8,D2,0.257,MC,1228977.32
33898,59_23,2/27/2023,8:56,Gate 7,93830,n,run,intensive (Storm/Mort),1.5,1,Y,11897.00,RAN,,91.5,3.99,5.1,RSTR5,D2,0.295,MC,421941.44
33889,59_23,2/27/2023,21:08,Gate 8,77613,n,run,intensive (Storm/Mort),0.7,1,Y,11897.00,CLR,,67.5,3.14,5.3,RSTR5,N2,0.236,WM,280067.29
33890,60_23,2/28/2023,15:25,Gate 1,73594,n,run,intensive (Storm/Mort),0.2,1,Y,12431.00,CLR,,31.7,2.71,99,RSTR5,D4,0.258,EM,218213.29
33913,60_23,2/28/2023,17:56,Gate 8,81312,n,run,intensive (Storm/Mort),0.3,1,Y,12431.00,CLR,,35,3.20,5.1,RSTR5,N1,0.235,WM,283172.86
33914,60_23,2/28/2023,17:55,Gate 6,66691,n,run,intensive (Storm/Mort),3.2,1,Y,12431.00,CLR,,29.5,4.10,6,RSTR8,N1,0.251,MC,1250325.70
33912,60_23,2/28/2023,18:11,Gate 7,831,n,run,intensive (Storm/Mort),0.6,1,Y,12431.00,CLR,,34.2,4.07,4.9,RSTR5,N1,0.248,MC,380449.28
33911,60_23,2/28/2023,18:07,Gate 5,61883,n,run,intensive (Storm/Mort),1.9,1,Y,12431.00,CLR,,24.3,3.55,4.7,RSTR5,N1,0.256,MC,342792.45
33891,60_23,2/28/2023,15:17,Gate 5,59661,n,run,intensive (Storm/Mort),0.5,1,Y,12431.00,CLR,,34.6,3.36,4.5,RSTR5,D4,0.25,MC,303841.05
33910,60_23,2/28/2023,18:20,Gate 1,74775,n,run,intensive (Storm/Mort),0.4,1,Y,12431.00,CLR,,29,2.60,99,RSTR5,N1,0.26,EM,236196.37
33894,60_23,2/28/2023,15:08,Gate 8,79516,n,run,intensive (Storm/Mort),0.2,1,Y,12431.00,CLD,,36.5,2.96,4.7,RSTR5,D4,0.247,WM,246314.25
33893,60_23,2/28/2023,15:11,Gate 7,98578,n,run,intensive (Storm/Mort),0.2,1,Y,12431.00,CLR,,38,4.02,4.2,RSTR5,D4,0.265,MC,384896.32
33892,60_23,2/28/2023,15:15,Gate 6,65209,n,run,intensive (Storm/Mort),1.2,1,Y,12431.00,CLR,,33.8,4.12,5.75,RSTR8,D4,0.236,MC,1028440.00
